waypoint,good,from_supply,to_supply,from_supply_name,to_supply_name,time_minutes,levels_raised,activity,timestamp,is_output,num_inputs
X1-FB5-A1,CLOTHING,1,2,,LIMITED,4.755511183333334,1,WEAK,2025-11-30 16:20:03.572430+00:00,True,1
X1-FB5-A1,CLOTHING,2,3,,MODERATE,19.059149233333336,1,WEAK,2025-11-30 17:01:05.014800+00:00,True,1
X1-FB5-A1,CLOTHING,1,2,,LIMITED,12.720499266666668,1,WEAK,2025-12-01 03:14:51.701916+00:00,True,1
X1-FB5-A1,CLOTHING,1,2,,LIMITED,20.243294849999998,1,WEAK,2025-12-01 08:13:04.578651+00:00,True,1
X1-FB5-A1,JEWELRY,2,3,,MODERATE,19.0249599,1,WEAK,2025-11-30 17:39:07.945397+00:00,True,4
X1-FB5-A1,JEWELRY,2,3,,MODERATE,18.451776433333336,1,WEAK,2025-11-30 20:17:36.761174+00:00,True,4
X1-FB5-A1,JEWELRY,2,3,,MODERATE,8.18328535,1,WEAK,2025-12-01 01:29:07.178135+00:00,True,4
X1-FB5-A1,JEWELRY,2,3,,MODERATE,3.4182086666666667,1,WEAK,2025-12-01 02:13:11.917559+00:00,True,4
X1-FB5-A1,JEWELRY,2,3,,MODERATE,30.978352916666665,1,WEAK,2025-12-01 03:02:08.475301+00:00,True,4
X1-FB5-A2,SHIP_PARTS,2,5,,ABUNDANT,10.150519516666666,3,WEAK,2025-11-30 16:19:40.221706+00:00,True,2
X1-FB5-A2,SHIP_PLATING,1,2,,LIMITED,3.042723666666667,1,WEAK,2025-11-30 16:12:33.751709+00:00,False,0
X1-FB5-A2,SHIP_PLATING,1,3,,MODERATE,10.019047466666667,2,WEAK,2025-11-30 17:09:35.005467+00:00,False,0
X1-FB5-A2,SHIP_PLATING,2,3,,MODERATE,20.619449799999998,1,GROWING,2025-11-30 19:19:43.323387+00:00,False,0
X1-FB5-A2,SHIP_PLATING,1,2,,LIMITED,19.458378083333333,1,GROWING,2025-11-30 20:41:04.204320+00:00,False,0
X1-FB5-A2,SHIP_PLATING,1,2,,LIMITED,1.4951678000000002,1,GROWING,2025-11-30 21:01:25.509320+00:00,False,0
X1-FB5-A3,COPPER,2,3,,MODERATE,41.01518895,1,WEAK,2025-11-30 19:20:41.431032+00:00,False,0
X1-FB5-A3,COPPER,2,3,,MODERATE,2.8277129000000003,1,WEAK,2025-11-30 22:16:15.285303+00:00,False,0
X1-FB5-A3,COPPER,2,3,,MODERATE,54.473066583333335,1,WEAK,2025-12-01 00:21:14.641144+00:00,False,0
X1-FB5-A3,MICROPROCESSORS,3,4,,HIGH,14.546556016666667,1,WEAK,2025-11-30 17:20:30.128148+00:00,True,2
X1-FB5-A3,MICROPROCESSORS,3,4,,HIGH,25.00816478333333,1,WEAK,2025-11-30 21:27:00.999097+00:00,True,2
X1-FB5-A3,MICROPROCESSORS,3,4,,HIGH,42.951807933333335,1,RESTRICTED,2025-12-01 03:45:10.292241+00:00,True,2
X1-FB5-A3,MICROPROCESSORS,3,4,,HIGH,57.758985116666665,1,RESTRICTED,2025-12-01 16:37:06.814060+00:00,True,2
X1-FB5-A3,MICROPROCESSORS,3,4,,HIGH,27.802454599999997,1,RESTRICTED,2025-12-01 17:37:25.783906+00:00,True,2
X1-FB5-A3,SILICON_CRYSTALS,2,3,,MODERATE,79.17296868333332,1,WEAK,2025-11-30 18:39:40.517553+00:00,False,0
X1-FB5-A4,ADVANCED_CIRCUITRY,2,3,,MODERATE,32.949449066666666,1,RESTRICTED,2025-11-30 23:09:14.619032+00:00,False,0
X1-FB5-A4,PLATINUM,1,2,,LIMITED,6.6031561666666665,1,RESTRICTED,2025-12-01 11:16:04.025879+00:00,False,0
X1-FB5-A4,PLATINUM,1,2,,LIMITED,60.39311513333334,1,RESTRICTED,2025-12-01 17:36:44.836900+00:00,False,0
X1-FB5-B7,GOLD,1,2,,LIMITED,23.92497605,1,RESTRICTED,2025-12-01 02:47:45.176919+00:00,False,0
X1-FB5-B7,GOLD,1,2,,LIMITED,4.082264416666667,1,RESTRICTED,2025-12-01 08:40:20.047011+00:00,False,0
X1-FB5-B7,GOLD,2,3,,MODERATE,25.354851366666665,1,RESTRICTED,2025-12-01 13:45:32.540934+00:00,False,0
X1-FB5-B7,PLATINUM,3,4,,HIGH,30.1259853,1,RESTRICTED,2025-12-01 08:00:17.330784+00:00,False,0
X1-FB5-B7,SILVER,1,2,,LIMITED,30.120267966666667,1,RESTRICTED,2025-12-01 06:55:02.465880+00:00,False,0
X1-FB5-B7,SILVER,1,2,,LIMITED,30.0796392,1,RESTRICTED,2025-12-01 09:25:28.413713+00:00,False,0
X1-FB5-B7,SILVER,1,2,,LIMITED,30.511508900000003,1,RESTRICTED,2025-12-01 12:26:24.558835+00:00,False,0
X1-FB5-B7,SILVER,1,2,,LIMITED,30.420140933333336,1,RESTRICTED,2025-12-01 14:26:04.987424+00:00,False,0
X1-FB5-C44,ELECTRONICS,2,3,,MODERATE,23.98705408333333,1,WEAK,2025-11-30 15:22:52.227792+00:00,True,2
X1-FB5-C44,ELECTRONICS,1,2,,LIMITED,20.488850666666668,1,WEAK,2025-12-01 06:14:32.589738+00:00,True,2
X1-FB5-C44,ELECTRONICS,1,2,,LIMITED,0.38781496666666665,1,WEAK,2025-12-01 11:15:16.079216+00:00,True,2
X1-FB5-C44,EQUIPMENT,1,3,,MODERATE,4.13352305,2,WEAK,2025-12-01 02:04:39.131203+00:00,True,2
X1-FB5-C44,LAB_INSTRUMENTS,4,5,,ABUNDANT,27.5977027,1,WEAK,2025-11-30 23:39:43.651096+00:00,False,0
X1-FB5-C44,SHIP_PARTS,1,4,,HIGH,10.059794250000001,3,WEAK,2025-11-30 16:11:20.985204+00:00,True,2
X1-FB5-C44,SHIP_PLATING,1,2,,LIMITED,13.461400783333334,1,GROWING,2025-11-30 17:28:04.783895+00:00,False,0
X1-FB5-D46,ELECTRONICS,2,3,,MODERATE,7.222721033333333,1,RESTRICTED,2025-11-30 16:10:38.641843+00:00,True,2
X1-FB5-D46,ELECTRONICS,2,3,,MODERATE,37.6797483,1,WEAK,2025-11-30 21:35:33.106855+00:00,True,2
X1-FB5-D46,ELECTRONICS,2,3,,MODERATE,3.2012553833333333,1,WEAK,2025-12-01 00:32:06.827910+00:00,True,2
X1-FB5-D46,ELECTRONICS,1,2,,LIMITED,1.23700995,1,WEAK,2025-12-01 18:49:34.925254+00:00,True,2
X1-FB5-D46,EQUIPMENT,2,3,,MODERATE,26.032541083333335,1,WEAK,2025-11-30 19:47:42.642814+00:00,True,2
X1-FB5-D46,EQUIPMENT,1,2,,LIMITED,21.9783855,1,GROWING,2025-12-01 01:33:43.180127+00:00,True,2
X1-FB5-D46,EQUIPMENT,1,2,,LIMITED,11.248236616666667,1,GROWING,2025-12-01 02:54:27.668584+00:00,True,2
X1-FB5-D46,FABRICS,1,2,,LIMITED,4.0252534833333335,1,WEAK,2025-12-01 14:54:12.483501+00:00,True,1
X1-FB5-D46,MEDICINE,3,4,,HIGH,28.707473916666668,1,STRONG,2025-12-01 15:55:05.206816+00:00,True,2
X1-FB5-D46,MEDICINE,3,4,,HIGH,30.66747678333333,1,STRONG,2025-12-01 16:27:21.755068+00:00,True,2
X1-FB5-D46,MEDICINE,3,4,,HIGH,29.361827116666667,1,STRONG,2025-12-01 17:27:54.907946+00:00,True,2
X1-FB5-D46,MEDICINE,3,4,,HIGH,24.246187683333336,1,STRONG,2025-12-01 17:56:59.370669+00:00,True,2
X1-FB5-D46,MEDICINE,3,4,,HIGH,28.39244415,1,STRONG,2025-12-01 18:28:47.208759+00:00,True,2
X1-FB5-D46,POLYNUCLEOTIDES,1,2,,LIMITED,7.294492516666667,1,WEAK,2025-12-01 12:59:18.763659+00:00,False,0
X1-FB5-D46,SHIP_PARTS,3,4,,HIGH,33.5958845,1,WEAK,2025-11-30 17:22:47.736190+00:00,True,2
X1-FB5-D46,SHIP_PARTS,3,4,,HIGH,40.121990249999996,1,WEAK,2025-11-30 18:27:45.933909+00:00,True,2
X1-FB5-D46,SHIP_PARTS,3,4,,HIGH,34.50730895,1,WEAK,2025-11-30 19:47:42.632482+00:00,True,2
X1-FB5-D46,SHIP_PARTS,3,4,,HIGH,23.51876533333333,1,WEAK,2025-11-30 20:49:53.534266+00:00,True,2
X1-FB5-D46,SHIP_PARTS,3,4,,HIGH,34.29126926666667,1,WEAK,2025-11-30 22:09:50.576354+00:00,True,2
X1-FB5-D46,SHIP_PARTS,3,4,,HIGH,71.33799461666668,1,WEAK,2025-12-01 00:28:54.743588+00:00,True,2
X1-FB5-D46,SHIP_PARTS,3,4,,HIGH,22.4771981,1,RESTRICTED,2025-12-01 00:55:36.881620+00:00,True,2
X1-FB5-D46,SHIP_PARTS,3,4,,HIGH,18.45272065,1,WEAK,2025-12-01 01:52:10.339363+00:00,True,2
X1-FB5-D46,SHIP_PARTS,3,4,,HIGH,20.41740955,1,WEAK,2025-12-01 03:14:52.705988+00:00,True,2
X1-FB5-D46,SHIP_PARTS,3,4,,HIGH,18.80044455,1,RESTRICTED,2025-12-01 04:17:41.296481+00:00,True,2
X1-FB5-D46,SHIP_PARTS,3,4,,HIGH,46.001042016666666,1,RESTRICTED,2025-12-01 05:55:44.285076+00:00,True,2
X1-FB5-D46,SHIP_PARTS,3,4,,HIGH,44.994599216666664,1,RESTRICTED,2025-12-01 07:17:14.013318+00:00,True,2
X1-FB5-D46,SHIP_PARTS,3,4,,HIGH,41.143951349999995,1,RESTRICTED,2025-12-01 10:28:24.102739+00:00,True,2
X1-FB5-D46,SHIP_PARTS,3,4,,HIGH,53.0073853,1,RESTRICTED,2025-12-01 13:35:27.560651+00:00,True,2
X1-FB5-D46,SHIP_PARTS,3,4,,HIGH,32.51341863333333,1,RESTRICTED,2025-12-01 14:56:16.330265+00:00,True,2
X1-FB5-D46,SHIP_PARTS,3,4,,HIGH,45.375873666666664,1,RESTRICTED,2025-12-01 16:28:40.793706+00:00,True,2
X1-FB5-D46,SHIP_PARTS,3,4,,HIGH,44.39247948333333,1,RESTRICTED,2025-12-01 18:00:23.656062+00:00,True,2
X1-FB5-D47,ADVANCED_CIRCUITRY,3,4,,HIGH,19.99416761666667,1,WEAK,2025-11-30 18:47:22.700074+00:00,False,0
X1-FB5-D47,ADVANCED_CIRCUITRY,3,4,,HIGH,33.43106651666667,1,WEAK,2025-11-30 22:42:33.801863+00:00,False,0
X1-FB5-D47,ADVANCED_CIRCUITRY,3,4,,HIGH,40.74554921666667,1,RESTRICTED,2025-12-01 08:44:57.315454+00:00,False,0
X1-FB5-D47,ELECTRONICS,2,3,,MODERATE,33.96970313333333,1,WEAK,2025-11-30 14:51:12.952436+00:00,True,2
X1-FB5-D47,MACHINERY,2,3,,MODERATE,23.75748241666667,1,WEAK,2025-11-30 17:47:11.496649+00:00,True,1
X1-FB5-D47,MICROPROCESSORS,1,3,,MODERATE,5.705793600000001,2,WEAK,2025-11-30 17:08:46.228796+00:00,True,2
X1-FB5-D47,SHIP_PLATING,3,4,,HIGH,20.221736033333332,1,WEAK,2025-11-30 17:23:26.053125+00:00,False,0
X1-FB5-D47,SHIP_PLATING,3,4,,HIGH,19.994173683333333,1,WEAK,2025-11-30 18:47:22.702416+00:00,False,0
X1-FB5-D47,SHIP_PLATING,3,4,,HIGH,27.90770245,1,GROWING,2025-11-30 20:15:13.292065+00:00,False,0
X1-FB5-D47,SHIP_PLATING,3,4,,HIGH,16.035654,1,GROWING,2025-11-30 22:09:07.940307+00:00,False,0
X1-FB5-D47,SHIP_PLATING,3,4,,HIGH,26.26675435,1,GROWING,2025-11-30 22:42:33.804997+00:00,False,0
X1-FB5-D47,SHIP_PLATING,3,4,,HIGH,30.012088316666667,1,GROWING,2025-11-30 23:16:34.438383+00:00,False,0
X1-FB5-D47,SHIP_PLATING,3,4,,HIGH,16.866036916666665,1,GROWING,2025-11-30 23:35:40.647161+00:00,False,0
X1-FB5-D47,SHIP_PLATING,3,4,,HIGH,27.38592303333333,1,RESTRICTED,2025-12-01 00:12:31.090382+00:00,False,0
X1-FB5-D47,SHIP_PLATING,3,4,,HIGH,22.925749066666665,1,RESTRICTED,2025-12-01 05:31:39.760640+00:00,False,0
X1-FB5-D47,SHIP_PLATING,3,4,,HIGH,23.644088983333333,1,RESTRICTED,2025-12-01 06:18:49.461119+00:00,False,0
X1-FB5-E48,ALUMINUM,2,3,,MODERATE,29.723523866666667,1,WEAK,2025-11-30 15:04:35.741853+00:00,False,0
X1-FB5-E48,ALUMINUM,1,2,,LIMITED,28.205519183333333,1,WEAK,2025-11-30 23:16:31.448833+00:00,False,0
X1-FB5-E48,ASSAULT_RIFLES,3,4,,HIGH,41.30761811666666,1,RESTRICTED,2025-12-01 10:40:25.400434+00:00,True,2
X1-FB5-E48,ASSAULT_RIFLES,3,4,,HIGH,10.0657945,1,RESTRICTED,2025-12-01 12:24:09.988888+00:00,True,2
X1-FB5-E48,ASSAULT_RIFLES,3,4,,HIGH,11.104442216666666,1,RESTRICTED,2025-12-01 13:25:54.520580+00:00,True,2
X1-FB5-E48,ASSAULT_RIFLES,3,4,,HIGH,42.44700588333333,1,RESTRICTED,2025-12-01 15:14:53.344424+00:00,True,2
X1-FB5-E48,ASSAULT_RIFLES,3,4,,HIGH,24.73503291666667,1,RESTRICTED,2025-12-01 16:12:36.335724+00:00,True,2
X1-FB5-E48,ASSAULT_RIFLES,3,4,,HIGH,36.25524803333334,1,RESTRICTED,2025-12-01 17:11:34.154837+00:00,True,2
X1-FB5-E48,ASSAULT_RIFLES,3,4,,HIGH,50.4155333,1,RESTRICTED,2025-12-01 18:33:37.270920+00:00,True,2
X1-FB5-E48,FIREARMS,3,4,,HIGH,41.14179658333333,1,RESTRICTED,2025-11-30 22:34:45.528841+00:00,True,2
X1-FB5-E48,FIREARMS,3,4,,HIGH,36.26832813333333,1,RESTRICTED,2025-12-01 13:14:34.154286+00:00,True,2
X1-FB5-E48,FIREARMS,3,4,,HIGH,26.42718635,1,RESTRICTED,2025-12-01 14:44:18.592433+00:00,True,2
X1-FB5-E48,FIREARMS,3,4,,HIGH,28.623491333333334,1,RESTRICTED,2025-12-01 15:43:30.767180+00:00,True,2
X1-FB5-E48,FIREARMS,3,4,,HIGH,8.400307083333333,1,RESTRICTED,2025-12-01 16:35:00.269322+00:00,True,2
X1-FB5-E49,FABRICS,2,3,,MODERATE,5.474892583333333,1,WEAK,2025-12-01 01:25:26.140137+00:00,True,1
X1-FB5-E49,FABRICS,2,3,,MODERATE,26.843196466666665,1,GROWING,2025-12-01 03:47:55.148529+00:00,True,1
X1-FB5-E49,FABRICS,3,4,,HIGH,21.96239705,1,GROWING,2025-12-01 07:15:04.182998+00:00,True,1
X1-FB5-E49,FABRICS,3,4,,HIGH,29.24993453333333,1,GROWING,2025-12-01 07:55:07.621733+00:00,True,1
X1-FB5-E49,FABRICS,4,5,,ABUNDANT,20.288430866666666,1,GROWING,2025-12-01 08:36:04.313757+00:00,True,1
X1-FB5-E49,FABRICS,4,5,,ABUNDANT,24.22462116666667,1,GROWING,2025-12-01 09:38:19.230722+00:00,True,1
X1-FB5-E49,FABRICS,3,4,,HIGH,17.195225483333335,1,RESTRICTED,2025-12-01 14:12:13.981404+00:00,True,1
X1-FB5-E49,FABRICS,1,2,,LIMITED,16.356545283333332,1,RESTRICTED,2025-12-01 16:59:09.159119+00:00,True,1
X1-FB5-E49,FERTILIZERS,2,3,,MODERATE,6.562234533333334,1,WEAK,2025-11-30 19:25:25.215187+00:00,False,0
X1-FB5-E49,FERTILIZERS,2,3,,MODERATE,18.882642333333333,1,WEAK,2025-11-30 22:05:51.976343+00:00,False,0
X1-FB5-E49,FERTILIZERS,3,4,,HIGH,2.748115116666667,1,WEAK,2025-11-30 22:35:32.578163+00:00,False,0
X1-FB5-E49,FERTILIZERS,4,5,,ABUNDANT,7.235925966666667,2,WEAK,2025-11-30 22:40:01.846814+00:00,False,0
X1-FB5-E49,FERTILIZERS,2,3,,MODERATE,24.125018716666666,1,GROWING,2025-12-01 05:57:15.763385+00:00,False,0
X1-FB5-E49,FERTILIZERS,2,3,,MODERATE,7.1922974,1,GROWING,2025-12-01 07:35:14.170226+00:00,False,0
X1-FB5-E49,FERTILIZERS,1,2,,LIMITED,29.706393416666668,1,WEAK,2025-12-01 17:12:30.147068+00:00,False,0
X1-FB5-E49,IRON,2,3,,MODERATE,28.569752549999997,1,WEAK,2025-11-30 17:50:43.347588+00:00,False,0
X1-FB5-E49,IRON,3,4,,HIGH,6.004883116666666,1,WEAK,2025-11-30 18:04:26.310878+00:00,False,0
X1-FB5-E49,IRON,4,5,,ABUNDANT,6.837457266666666,1,WEAK,2025-11-30 18:11:43.544594+00:00,False,0
X1-FB5-E49,LIQUID_HYDROGEN,1,2,,LIMITED,60.16849675,1,WEAK,2025-12-01 01:41:06.396972+00:00,False,0
X1-FB5-E49,LIQUID_HYDROGEN,2,3,,MODERATE,30.855192116666668,1,WEAK,2025-12-01 02:32:27.648421+00:00,False,0
X1-FB5-E49,LIQUID_HYDROGEN,2,3,,MODERATE,3.19972125,1,WEAK,2025-12-01 03:24:16.533861+00:00,False,0
X1-FB5-E49,LIQUID_HYDROGEN,3,4,,HIGH,8.90571255,1,WEAK,2025-12-01 05:03:24.896091+00:00,False,0
X1-FB5-E49,LIQUID_NITROGEN,1,2,,LIMITED,28.708564683333336,1,WEAK,2025-12-01 05:41:38.758127+00:00,False,0
X1-FB5-E49,LIQUID_NITROGEN,1,2,,LIMITED,1.7819350500000002,1,WEAK,2025-12-01 07:25:47.070211+00:00,False,0
X1-FB5-E49,MACHINERY,3,4,,HIGH,12.353146616666667,1,WEAK,2025-11-30 16:54:23.665004+00:00,True,1
X1-FB5-E49,MACHINERY,3,4,,HIGH,28.863538216666665,1,WEAK,2025-11-30 21:00:04.968351+00:00,True,1
X1-FB5-E49,MACHINERY,3,4,,HIGH,26.00754003333333,1,WEAK,2025-12-01 01:29:52.637887+00:00,True,1
X1-FB5-E49,MACHINERY,3,4,,HIGH,28.060713883333335,1,RESTRICTED,2025-12-01 09:13:40.175814+00:00,True,1
X1-FB5-E49,MACHINERY,3,4,,HIGH,54.409034016666666,1,RESTRICTED,2025-12-01 16:42:47.758014+00:00,True,1
X1-FB5-E49,MACHINERY,3,4,,HIGH,14.46065615,1,RESTRICTED,2025-12-01 17:33:14.284878+00:00,True,1
X1-FB5-E49,MACHINERY,3,4,,HIGH,28.6891492,1,RESTRICTED,2025-12-01 18:24:19.014525+00:00,True,1
X1-FB5-E49,POLYNUCLEOTIDES,1,2,,LIMITED,27.0513454,1,RESTRICTED,2025-11-30 23:23:19.427719+00:00,False,0
X1-FB5-E49,POLYNUCLEOTIDES,1,2,,LIMITED,21.03874773333333,1,RESTRICTED,2025-12-01 02:53:29.968272+00:00,False,0
X1-FB5-E49,POLYNUCLEOTIDES,2,3,,MODERATE,32.120254616666664,1,RESTRICTED,2025-12-01 04:53:14.012504+00:00,False,0
X1-FB5-E49,POLYNUCLEOTIDES,2,3,,MODERATE,35.35762391666666,1,STRONG,2025-12-01 06:31:35.331617+00:00,False,0
X1-FB5-E49,POLYNUCLEOTIDES,2,3,,MODERATE,30.895194566666664,1,RESTRICTED,2025-12-01 07:24:00.143691+00:00,False,0
X1-FB5-E49,POLYNUCLEOTIDES,2,3,,MODERATE,17.305232133333334,1,STRONG,2025-12-01 07:55:07.605500+00:00,False,0
X1-FB5-E49,POLYNUCLEOTIDES,2,3,,MODERATE,31.551923050000003,1,RESTRICTED,2025-12-01 10:50:50.375098+00:00,False,0
X1-FB5-E49,POLYNUCLEOTIDES,1,2,,LIMITED,34.08555956666667,1,RESTRICTED,2025-12-01 17:33:14.288740+00:00,False,0
X1-FB5-F50,AMMUNITION,3,4,,HIGH,46.88098485,1,RESTRICTED,2025-11-30 18:27:12.156109+00:00,True,2
X1-FB5-F50,AMMUNITION,3,4,,HIGH,30.11918515,1,RESTRICTED,2025-12-01 10:56:22.083980+00:00,True,2
X1-FB5-F50,AMMUNITION,3,4,,HIGH,15.732887933333334,1,RESTRICTED,2025-12-01 15:50:16.206047+00:00,True,2
X1-FB5-F50,AMMUNITION,3,4,,HIGH,25.7046829,1,RESTRICTED,2025-12-01 18:13:05.256380+00:00,True,2
X1-FB5-F50,EXPLOSIVES,3,4,,HIGH,110.06463255,1,RESTRICTED,2025-11-30 21:12:54.397968+00:00,False,0
X1-FB5-F50,EXPLOSIVES,2,3,,MODERATE,31.471238149999998,1,RESTRICTED,2025-12-01 01:42:48.265908+00:00,False,0
X1-FB5-F50,EXPLOSIVES,2,3,,MODERATE,30.15939635,1,RESTRICTED,2025-12-01 10:55:05.914118+00:00,False,0
X1-FB5-F50,LIQUID_NITROGEN,1,2,,LIMITED,8.90974615,1,WEAK,2025-11-30 14:23:19.661829+00:00,False,0
X1-FB5-F51,COPPER,2,3,,MODERATE,3.58668005,1,WEAK,2025-11-30 19:08:21.625442+00:00,False,0
X1-FB5-F51,COPPER,1,2,,LIMITED,27.2385673,1,WEAK,2025-12-01 03:34:02.307113+00:00,False,0
X1-FB5-F51,ELECTRONICS,3,4,,HIGH,1.363081,1,GROWING,2025-11-30 19:19:00.459450+00:00,True,2
X1-FB5-F51,ELECTRONICS,3,4,,HIGH,27.682699533333334,1,GROWING,2025-11-30 20:12:50.184646+00:00,True,2
X1-FB5-F51,ELECTRONICS,3,4,,HIGH,60.04118403333334,1,GROWING,2025-11-30 21:13:19.763941+00:00,True,2
X1-FB5-F51,ELECTRONICS,3,4,,HIGH,69.36702383333333,1,RESTRICTED,2025-12-01 00:22:26.326392+00:00,True,2
X1-FB5-F51,ELECTRONICS,3,4,,HIGH,33.45707651666667,1,RESTRICTED,2025-12-01 04:25:56.294136+00:00,True,2
X1-FB5-F51,ELECTRONICS,3,4,,HIGH,29.51130535,1,RESTRICTED,2025-12-01 07:42:41.210720+00:00,True,2
X1-FB5-F51,ELECTRONICS,3,4,,HIGH,30.424082183333333,1,RESTRICTED,2025-12-01 10:14:38.920267+00:00,True,2
X1-FB5-F51,ELECTRONICS,3,4,,HIGH,29.38518465,1,RESTRICTED,2025-12-01 16:21:18.321356+00:00,True,2
X1-FB5-F51,ELECTRONICS,3,4,,HIGH,17.067146283333333,1,RESTRICTED,2025-12-01 17:20:43.696884+00:00,True,2
X1-FB5-F51,ELECTRONICS,3,4,,HIGH,52.372378133333335,1,RESTRICTED,2025-12-01 18:41:15.135706+00:00,True,2
X1-FB5-F51,FAB_MATS,3,4,,HIGH,4.795496316666667,1,WEAK,2025-11-30 16:46:21.224598+00:00,False,0
X1-FB5-F51,FAB_MATS,4,5,,ABUNDANT,32.03322495,1,RESTRICTED,2025-11-30 22:07:30.007698+00:00,False,0
X1-FB5-F51,IRON,1,2,,LIMITED,42.89723981666667,1,RESTRICTED,2025-11-30 23:20:07.898917+00:00,False,0
X1-FB5-F51,QUARTZ_SAND,2,3,,MODERATE,22.090968200000002,1,WEAK,2025-11-30 18:01:08.825042+00:00,False,0
X1-FB5-F51,QUARTZ_SAND,1,2,,LIMITED,56.78105106666667,1,RESTRICTED,2025-11-30 23:34:00.930645+00:00,False,0
X1-FB5-F51,QUARTZ_SAND,1,2,,LIMITED,518.7659085666667,1,RESTRICTED,2025-12-01 13:54:30.266854+00:00,False,0
X1-FB5-F51,SILICON_CRYSTALS,1,2,,LIMITED,71.85637546666666,1,WEAK,2025-11-30 19:17:38.682279+00:00,False,0
X1-FB5-F51,SILICON_CRYSTALS,1,2,,LIMITED,7.882749783333334,1,WEAK,2025-11-30 23:13:04.309746+00:00,False,0
X1-FB5-F53,MODULE_MICRO_REFINERY_I,4,5,,ABUNDANT,1.6911213166666668,1,WEAK,2025-11-30 18:56:52.152543+00:00,False,0
X1-FB5-F53,PLATINUM,1,2,,LIMITED,9.9593079,1,WEAK,2025-11-30 18:55:10.689264+00:00,False,0
X1-FB5-F53,PLATINUM,2,3,,MODERATE,3.1076515833333334,1,RESTRICTED,2025-11-30 18:59:58.616245+00:00,False,0
X1-FB5-G55,FERTILIZERS,3,4,,HIGH,43.1156087,1,WEAK,2025-11-30 21:14:57.970104+00:00,False,0
X1-FB5-G55,FERTILIZERS,1,2,,LIMITED,23.524003483333335,1,GROWING,2025-12-01 03:59:11.743749+00:00,False,0
X1-FB5-G55,FERTILIZERS,2,3,,MODERATE,25.100133516666666,1,GROWING,2025-12-01 05:52:17.828416+00:00,False,0
X1-FB5-G55,FERTILIZERS,2,3,,MODERATE,29.1429653,1,GROWING,2025-12-01 06:52:24.934197+00:00,False,0
X1-FB5-G55,FERTILIZERS,2,3,,MODERATE,22.92770565,1,GROWING,2025-12-01 07:22:53.698006+00:00,False,0
X1-FB5-G55,FERTILIZERS,2,3,,MODERATE,26.3516096,1,GROWING,2025-12-01 08:10:35.767374+00:00,False,0
X1-FB5-G55,FERTILIZERS,3,4,,HIGH,31.678805033333333,1,GROWING,2025-12-01 10:04:38.186707+00:00,False,0
X1-FB5-G55,FERTILIZERS,4,5,,ABUNDANT,18.0419006,1,RESTRICTED,2025-12-01 12:28:51.997187+00:00,False,0
X1-FB5-G55,FUEL,3,4,,HIGH,23.163607566666666,1,RESTRICTED,2025-12-01 17:40:56.030251+00:00,False,0
X1-FB5-G55,LIQUID_NITROGEN,1,2,,LIMITED,49.784042050000004,1,WEAK,2025-12-01 02:38:23.466845+00:00,False,0
X1-FB5-G55,LIQUID_NITROGEN,1,2,,LIMITED,42.062450033333334,1,WEAK,2025-12-01 03:25:02.536178+00:00,False,0
X1-FB5-G55,LIQUID_NITROGEN,2,3,,MODERATE,11.8242129,1,WEAK,2025-12-01 04:54:16.043262+00:00,False,0
X1-FB5-G55,LIQUID_NITROGEN,1,2,,LIMITED,57.4011819,1,WEAK,2025-12-01 11:32:14.287470+00:00,False,0
X1-FB5-G55,PLASTICS,3,4,,HIGH,27.26709371666667,1,WEAK,2025-11-30 19:53:17.706498+00:00,False,0
X1-FB5-G55,PLASTICS,2,3,,MODERATE,30.10755135,1,RESTRICTED,2025-12-01 01:54:23.346613+00:00,False,0
X1-FB5-G55,PLASTICS,3,4,,HIGH,28.055819433333333,1,RESTRICTED,2025-12-01 17:29:39.511133+00:00,False,0
X1-FB5-G56,MEDICINE,1,2,,LIMITED,20.7216856,1,WEAK,2025-11-30 15:04:25.703735+00:00,True,2
X1-FB5-G56,MEDICINE,2,3,,MODERATE,18.706982999999997,1,WEAK,2025-11-30 17:32:37.591870+00:00,True,2
X1-FB5-G56,MEDICINE,2,3,,MODERATE,19.7083312,1,WEAK,2025-11-30 19:33:51.460859+00:00,True,2
X1-FB5-H57,ALUMINUM,1,2,,LIMITED,8.735650816666666,1,WEAK,2025-11-30 23:13:20.381924+00:00,False,0
X1-FB5-H57,ALUMINUM,1,2,,LIMITED,43.016179783333335,1,RESTRICTED,2025-12-01 02:19:30.112030+00:00,False,0
X1-FB5-H57,ALUMINUM,1,2,,LIMITED,24.034902133333333,1,RESTRICTED,2025-12-01 11:12:51.671007+00:00,False,0
X1-FB5-H57,ALUMINUM_ORE,1,2,,LIMITED,12.307852016666667,1,WEAK,2025-11-30 20:47:14.351749+00:00,False,0
X1-FB5-H57,ALUMINUM_ORE,1,2,,LIMITED,40.5735011,1,WEAK,2025-11-30 23:04:36.237489+00:00,False,0
X1-FB5-H57,COPPER,1,2,,LIMITED,12.113672549999999,1,WEAK,2025-11-30 22:24:01.831076+00:00,False,0
X1-FB5-H57,COPPER,1,2,,LIMITED,40.689964583333335,1,RESTRICTED,2025-12-01 07:48:18.514333+00:00,False,0
X1-FB5-H57,COPPER,2,3,,MODERATE,37.297749233333334,1,RESTRICTED,2025-12-01 12:28:36.504269+00:00,False,0
X1-FB5-H57,COPPER_ORE,2,3,,MODERATE,7.363691666666667,1,WEAK,2025-11-30 16:45:44.305986+00:00,False,0
X1-FB5-H57,DRUGS,2,3,,MODERATE,1.1868251166666668,1,WEAK,2025-11-30 16:39:33.669629+00:00,True,2
X1-FB5-H57,IRON,1,2,,LIMITED,17.176487216666665,1,WEAK,2025-11-30 23:04:36.232334+00:00,False,0
X1-FB5-H57,IRON_ORE,2,3,,MODERATE,23.199932750000002,1,RESTRICTED,2025-11-30 16:00:36.937158+00:00,False,0
X1-FB5-H60,DIAMONDS,2,3,,MODERATE,15.02715495,1,WEAK,2025-11-30 19:53:33.836969+00:00,False,0
X1-FB5-H60,DIAMONDS,2,3,,MODERATE,6.48812325,1,GROWING,2025-11-30 23:30:45.057615+00:00,False,0
X1-FB5-H60,DIAMONDS,1,2,,LIMITED,9.8004072,1,WEAK,2025-12-01 04:25:25.276757+00:00,False,0
X1-FB5-H60,GOLD,2,3,,MODERATE,8.604921016666667,1,WEAK,2025-11-30 20:02:10.122363+00:00,False,0
X1-FB5-H60,GOLD,2,3,,MODERATE,14.114487216666667,1,WEAK,2025-11-30 23:16:17.114600+00:00,False,0
X1-FB5-H60,JEWELRY,3,4,,HIGH,40.48254895,1,GROWING,2025-12-01 00:04:44.720127+00:00,True,4
X1-FB5-H60,JEWELRY,3,4,,HIGH,19.49959945,1,GROWING,2025-12-01 00:27:07.751308+00:00,True,4
X1-FB5-H60,JEWELRY,3,4,,HIGH,16.390339766666667,1,GROWING,2025-12-01 01:00:03.017561+00:00,True,4
X1-FB5-H60,JEWELRY,3,4,,HIGH,2.5248431666666664,1,GROWING,2025-12-01 01:19:21.091587+00:00,True,4
X1-FB5-H60,JEWELRY,3,4,,HIGH,36.40576071666667,1,GROWING,2025-12-01 01:55:50.466464+00:00,True,4
X1-FB5-H60,JEWELRY,3,4,,HIGH,27.745371466666665,1,GROWING,2025-12-01 02:35:46.371159+00:00,True,4
X1-FB5-H60,JEWELRY,3,4,,HIGH,11.054735533333334,1,GROWING,2025-12-01 02:56:45.539745+00:00,True,4
X1-FB5-H60,JEWELRY,3,4,,HIGH,23.691555133333335,1,RESTRICTED,2025-12-01 04:25:25.256027+00:00,True,4
X1-FB5-H60,JEWELRY,3,4,,HIGH,46.62681846666667,1,RESTRICTED,2025-12-01 05:35:13.823281+00:00,True,4
X1-FB5-H60,JEWELRY,3,4,,HIGH,20.670155383333334,1,RESTRICTED,2025-12-01 07:26:26.913638+00:00,True,4
X1-FB5-H60,JEWELRY,3,4,,HIGH,20.2427068,1,RESTRICTED,2025-12-01 09:50:01.301422+00:00,True,4
X1-FB5-H60,JEWELRY,3,4,,HIGH,27.127806916666668,1,RESTRICTED,2025-12-01 14:31:12.426416+00:00,True,4
X1-FB5-H60,JEWELRY,3,4,,HIGH,29.352323483333333,1,RESTRICTED,2025-12-01 16:27:24.360251+00:00,True,4
X1-FB5-H60,PRECIOUS_STONES,2,3,,MODERATE,37.880026183333335,1,WEAK,2025-11-30 20:02:03.016278+00:00,False,0
X1-FB5-H60,PRECIOUS_STONES,2,3,,MODERATE,2.6090106166666667,1,WEAK,2025-12-01 00:07:21.267172+00:00,False,0
X1-FB5-H60,PRECIOUS_STONES,1,2,,LIMITED,7.157667016666666,1,GROWING,2025-12-01 08:42:31.646508+00:00,False,0
X1-FB5-H60,SILVER,2,3,,MODERATE,19.636971433333333,1,WEAK,2025-11-30 19:43:48.443132+00:00,False,0
X1-FB5-J64,ALUMINUM_ORE,3,4,,HIGH,32.58028401666667,1,WEAK,2025-12-01 10:05:20.804195+00:00,False,0
X1-FB5-J64,AMMONIA_ICE,1,2,,LIMITED,45.80069375,1,WEAK,2025-11-30 20:20:40.019968+00:00,False,0
X1-FB5-J64,AMMONIA_ICE,2,3,,MODERATE,25.85225085,1,WEAK,2025-11-30 21:01:11.514949+00:00,False,0
X1-FB5-J64,AMMONIA_ICE,3,4,,HIGH,17.156209966666665,1,WEAK,2025-11-30 21:53:15.888775+00:00,False,0
X1-FB5-J64,AMMONIA_ICE,3,4,,HIGH,21.8027869,1,GROWING,2025-12-01 02:14:45.523515+00:00,False,0
X1-FB5-J64,AMMONIA_ICE,3,4,,HIGH,10.417025233333334,1,GROWING,2025-12-01 03:17:15.004608+00:00,False,0
X1-FB5-J64,AMMONIA_ICE,3,4,,HIGH,22.120418916666665,1,GROWING,2025-12-01 05:15:13.803108+00:00,False,0
X1-FB5-J64,AMMONIA_ICE,3,4,,HIGH,25.7665523,1,STRONG,2025-12-01 07:30:28.828259+00:00,False,0
X1-FB5-J64,ASSAULT_RIFLES,1,2,,LIMITED,25.97154485,1,WEAK,2025-11-30 17:33:47.764455+00:00,True,2
X1-FB5-J64,ASSAULT_RIFLES,1,2,,LIMITED,34.15704101666667,1,WEAK,2025-11-30 20:09:01.410588+00:00,True,2
X1-FB5-J64,ASSAULT_RIFLES,1,2,,LIMITED,9.616852466666668,1,WEAK,2025-11-30 23:11:36.818613+00:00,True,2
X1-FB5-J64,ASSAULT_RIFLES,1,2,,LIMITED,14.013877616666667,1,WEAK,2025-12-01 01:16:32.779445+00:00,True,2
X1-FB5-J64,CLOTHING,2,3,,MODERATE,18.868770666666666,1,WEAK,2025-11-30 17:01:05.219556+00:00,True,1
X1-FB5-J64,CLOTHING,1,2,,LIMITED,15.192485983333334,1,WEAK,2025-12-01 17:36:45.751941+00:00,True,1
X1-FB5-J64,COPPER_ORE,3,4,,HIGH,95.20805768333334,1,RESTRICTED,2025-12-01 17:54:49.753783+00:00,False,0
X1-FB5-J64,DRUGS,4,5,,ABUNDANT,39.774332533333336,1,WEAK,2025-11-30 16:16:37.796427+00:00,True,2
X1-FB5-J64,DRUGS,3,4,,HIGH,37.677805033333335,1,WEAK,2025-12-01 00:30:13.292958+00:00,True,2
X1-FB5-J64,DRUGS,3,4,,HIGH,10.810038616666667,1,GROWING,2025-12-01 08:58:49.629068+00:00,True,2
X1-FB5-J64,DRUGS,3,4,,HIGH,31.755442733333332,1,GROWING,2025-12-01 10:05:20.814482+00:00,True,2
X1-FB5-J64,DRUGS,4,5,,ABUNDANT,36.78312485,1,RESTRICTED,2025-12-01 12:25:54.198945+00:00,True,2
X1-FB5-J64,DRUGS,3,4,,HIGH,21.7971367,1,RESTRICTED,2025-12-01 13:46:18.008609+00:00,True,2
X1-FB5-J64,DRUGS,3,4,,HIGH,45.878999799999995,1,RESTRICTED,2025-12-01 15:03:34.245855+00:00,True,2
X1-FB5-J64,DRUGS,3,4,,HIGH,24.007332016666666,1,RESTRICTED,2025-12-01 16:12:52.777260+00:00,True,2
X1-FB5-J64,DRUGS,3,4,,HIGH,33.516591266666666,1,RESTRICTED,2025-12-01 17:21:34.249094+00:00,True,2
X1-FB5-J64,DRUGS,3,4,,HIGH,29.233991399999997,1,RESTRICTED,2025-12-01 18:47:34.796591+00:00,True,2
X1-FB5-J64,EXPLOSIVES,2,3,,MODERATE,6.865814233333333,1,WEAK,2025-11-30 19:41:43.923621+00:00,False,0
X1-FB5-J64,EXPLOSIVES,1,2,,LIMITED,26.356528166666667,1,WEAK,2025-11-30 23:37:58.199069+00:00,False,0
X1-FB5-J64,EXPLOSIVES,2,3,,MODERATE,2.35433,1,WEAK,2025-11-30 23:52:32.619681+00:00,False,0
X1-FB5-J64,EXPLOSIVES,1,2,,LIMITED,25.645175933333334,1,GROWING,2025-12-01 09:13:39.726951+00:00,False,0
X1-FB5-J64,FIREARMS,1,2,,LIMITED,6.825566666666666,1,WEAK,2025-12-01 03:59:57.375798+00:00,True,2
X1-FB5-J64,POLYNUCLEOTIDES,2,3,,MODERATE,13.830177683333334,1,WEAK,2025-11-30 20:22:51.218698+00:00,False,0
X1-FB5-J64,POLYNUCLEOTIDES,1,2,,LIMITED,14.75226325,1,GROWING,2025-12-01 06:53:38.146513+00:00,False,0
X1-FB5-J64,POLYNUCLEOTIDES,1,3,,MODERATE,13.251514366666667,2,GROWING,2025-12-01 07:56:32.565825+00:00,False,0
X1-FB5-J64,POLYNUCLEOTIDES,1,3,,MODERATE,0.6909162999999999,2,GROWING,2025-12-01 09:33:27.453513+00:00,False,0
X1-FB5-J64,PRECIOUS_STONES,2,3,,MODERATE,41.17730635,1,RESTRICTED,2025-12-01 05:07:57.889883+00:00,False,0
X1-FB5-J64,PRECIOUS_STONES,2,3,,MODERATE,24.775133349999997,1,RESTRICTED,2025-12-01 08:48:01.018654+00:00,False,0
X1-FB5-J64,PRECIOUS_STONES,3,4,,HIGH,20.10284675,1,STRONG,2025-12-01 10:46:25.528315+00:00,False,0
X1-FB5-J64,PRECIOUS_STONES,4,5,,ABUNDANT,80.39680185,1,RESTRICTED,2025-12-01 13:46:18.005080+00:00,False,0
X1-FB5-K89,ALUMINUM,2,3,,MODERATE,20.151356266666667,1,WEAK,2025-11-30 19:35:56.622578+00:00,False,0
X1-FB5-K89,BIOCOMPOSITES,4,5,,ABUNDANT,32.045931083333336,1,WEAK,2025-11-30 17:10:03.221258+00:00,False,0
X1-FB5-K89,CLOTHING,4,5,,ABUNDANT,23.103658133333333,1,WEAK,2025-11-30 16:13:16.105733+00:00,True,1
X1-FB5-K89,CLOTHING,3,4,,HIGH,25.166651216666665,1,RESTRICTED,2025-12-01 05:44:23.750240+00:00,True,1
X1-FB5-K89,CLOTHING,3,4,,HIGH,24.96946585,1,RESTRICTED,2025-12-01 07:34:53.822834+00:00,True,1
X1-FB5-K89,CLOTHING,3,4,,HIGH,10.067969433333333,1,GROWING,2025-12-01 09:30:28.272644+00:00,True,1
X1-FB5-K89,CLOTHING,3,4,,HIGH,5.991567683333333,1,GROWING,2025-12-01 12:41:37.564600+00:00,True,1
X1-FB5-K89,CLOTHING,3,4,,HIGH,21.655468050000003,1,GROWING,2025-12-01 13:40:33.982800+00:00,True,1
X1-FB5-K89,CLOTHING,3,4,,HIGH,24.150081083333337,1,GROWING,2025-12-01 14:40:37.985558+00:00,True,1
X1-FB5-K89,CLOTHING,4,5,,ABUNDANT,30.37498535,1,GROWING,2025-12-01 15:43:16.256978+00:00,True,1
X1-FB5-K89,CLOTHING,3,4,,HIGH,5.924713233333334,1,GROWING,2025-12-01 16:13:38.759169+00:00,True,1
X1-FB5-K89,CLOTHING,3,4,,HIGH,24.10754665,1,GROWING,2025-12-01 17:14:11.723432+00:00,True,1
X1-FB5-K89,EQUIPMENT,1,2,,LIMITED,11.264496466666666,1,GROWING,2025-11-30 20:44:57.135661+00:00,True,2
X1-FB5-K89,EQUIPMENT,1,2,,LIMITED,6.189758216666666,1,STRONG,2025-11-30 21:14:13.895060+00:00,True,2
X1-FB5-K89,EQUIPMENT,1,2,,LIMITED,6.9378568000000005,1,GROWING,2025-11-30 21:50:15.261013+00:00,True,2
X1-FB5-K89,EQUIPMENT,2,3,,MODERATE,5.2723883166666665,1,GROWING,2025-11-30 22:23:15.711924+00:00,True,2
X1-FB5-K89,EQUIPMENT,3,4,,HIGH,10.376607283333334,1,GROWING,2025-12-01 00:20:18.291805+00:00,True,2
X1-FB5-K89,EQUIPMENT,3,4,,HIGH,18.733111133333335,1,GROWING,2025-12-01 00:51:30.253287+00:00,True,2
X1-FB5-K89,EQUIPMENT,3,4,,HIGH,24.57945553333333,1,GROWING,2025-12-01 01:21:38.123112+00:00,True,2
X1-FB5-K89,EQUIPMENT,3,4,,HIGH,21.568670483333335,1,GROWING,2025-12-01 01:49:36.822965+00:00,True,2
X1-FB5-K89,EQUIPMENT,3,4,,HIGH,26.626173016666666,1,GROWING,2025-12-01 02:23:23.772494+00:00,True,2
X1-FB5-K89,EQUIPMENT,3,4,,HIGH,33.95843143333333,1,RESTRICTED,2025-12-01 03:26:47.331527+00:00,True,2
X1-FB5-K89,EQUIPMENT,3,4,,HIGH,30.19971286666667,1,RESTRICTED,2025-12-01 06:24:44.767656+00:00,True,2
X1-FB5-K89,EQUIPMENT,3,4,,HIGH,25.0849289,1,RESTRICTED,2025-12-01 07:19:57.568152+00:00,True,2
X1-FB5-K89,EQUIPMENT,3,4,,HIGH,35.060171133333334,1,RESTRICTED,2025-12-01 09:20:24.189379+00:00,True,2
X1-FB5-K89,EQUIPMENT,3,4,,HIGH,24.729278966666666,1,RESTRICTED,2025-12-01 11:50:51.943293+00:00,True,2
X1-FB5-K89,EQUIPMENT,3,4,,HIGH,19.534393150000003,1,RESTRICTED,2025-12-01 12:51:41.633214+00:00,True,2
X1-FB5-K89,FABRICS,1,2,,LIMITED,27.817718116666665,1,WEAK,2025-11-30 22:11:08.064270+00:00,True,1
X1-FB5-K89,FABRICS,1,2,,LIMITED,25.0501623,1,WEAK,2025-12-01 09:20:24.197338+00:00,True,1
X1-FB5-K89,FABRICS,1,2,,LIMITED,14.207241100000001,1,WEAK,2025-12-01 12:35:38.077164+00:00,True,1
X1-FB5-K89,FABRICS,2,3,,MODERATE,22.095103066666663,1,WEAK,2025-12-01 13:18:49.305104+00:00,True,1
X1-FB5-K89,FERTILIZERS,1,2,,LIMITED,15.175216449999999,1,WEAK,2025-12-01 16:08:30.764443+00:00,False,0
X1-FB5-K89,FOOD,3,4,,HIGH,26.51953178333333,1,RESTRICTED,2025-11-30 18:08:37.637762+00:00,True,1
X1-FB5-K89,FOOD,2,3,,MODERATE,31.1463118,1,RESTRICTED,2025-12-01 15:02:13.723652+00:00,True,1
X1-FB5-K89,FOOD,2,3,,MODERATE,30.3666381,1,STRONG,2025-12-01 16:38:52.756822+00:00,True,1
X1-FB5-K89,FOOD,3,4,,HIGH,30.20609626666667,1,STRONG,2025-12-01 18:26:27.516347+00:00,True,1
X1-FB5-K89,PLASTICS,1,2,,LIMITED,13.34250445,1,WEAK,2025-11-30 20:27:23.042547+00:00,False,0
X1-FB5-K89,PLASTICS,2,3,,MODERATE,6.855358916666666,1,WEAK,2025-11-30 22:17:59.374624+00:00,False,0
